-- phpMyAdmin SQL Dump
-- version 5.2.0
-- https://www.phpmyadmin.net/
--
-- Host: 127.0.0.1:3306
-- Generation Time: Feb 15, 2023 at 01:35 AM
-- Server version: 10.4.27-MariaDB
-- PHP Version: 8.1.12

SET SQL_MODE = "NO_AUTO_VALUE_ON_ZERO";
START TRANSACTION;
SET time_zone = "+00:00";


/*!40101 SET @OLD_CHARACTER_SET_CLIENT=@@CHARACTER_SET_CLIENT */;
/*!40101 SET @OLD_CHARACTER_SET_RESULTS=@@CHARACTER_SET_RESULTS */;
/*!40101 SET @OLD_COLLATION_CONNECTION=@@COLLATION_CONNECTION */;
/*!40101 SET NAMES utf8mb4 */;

--
-- Database: `lelang`
--

-- --------------------------------------------------------

--
-- Table structure for table `history_lelang`
--

CREATE TABLE `history_lelang` (
  `id_history` int(11) NOT NULL,
  `id_lelang` int(11) NOT NULL,
  `id_user` int(11) NOT NULL,
  `penawaran_harga` int(20) NOT NULL
) ENGINE=InnoDB DEFAULT CHARSET=utf8mb4 COLLATE=utf8mb4_general_ci;

--
-- Dumping data for table `history_lelang`
--

INSERT INTO `history_lelang` (`id_history`, `id_lelang`, `id_user`, `penawaran_harga`) VALUES
(1, 1, 1, 200000),
(2, 2, 2, 200000),
(3, 3, 1, 350000),
(4, 4, 2, 380000);

-- --------------------------------------------------------

--
-- Table structure for table `tb_barang`
--

CREATE TABLE `tb_barang` (
  `id_barang` int(11) NOT NULL,
  `nama_barang` varchar(25) NOT NULL,
  `tgl` date NOT NULL,
  `harga_awal` int(20) NOT NULL,
  `deskripsi_barang` varchar(100) NOT NULL,
  `status_barang` int(1) NOT NULL,
  `updated_at` timestamp NOT NULL DEFAULT current_timestamp() ON UPDATE current_timestamp()
) ENGINE=InnoDB DEFAULT CHARSET=utf8mb4 COLLATE=utf8mb4_general_ci;

--
-- Dumping data for table `tb_barang`
--

INSERT INTO `tb_barang` (`id_barang`, `nama_barang`, `tgl`, `harga_awal`, `deskripsi_barang`, `status_barang`, `updated_at`) VALUES
(1, 'Sepatu', '2014-10-16', 100000, 'sepatuuuuuuu', 1, '2023-02-13 05:18:14'),
(2, 'Baju ', '2023-02-13', 100000, 'BJAUUUUUU', 1, '2023-02-13 05:18:14');

-- --------------------------------------------------------

--
-- Table structure for table `tb_lelang`
--

CREATE TABLE `tb_lelang` (
  `id_lelang` int(11) NOT NULL,
  `id_barang` int(11) NOT NULL,
  `tgl_lelang` date NOT NULL,
  `harga_akhir` int(20) NOT NULL,
  `id_user` int(11) NOT NULL,
  `id_petugas` int(11) NOT NULL,
  `status_lelang` int(1) NOT NULL
) ENGINE=InnoDB DEFAULT CHARSET=utf8mb4 COLLATE=utf8mb4_general_ci;

--
-- Dumping data for table `tb_lelang`
--

INSERT INTO `tb_lelang` (`id_lelang`, `id_barang`, `tgl_lelang`, `harga_akhir`, `id_user`, `id_petugas`, `status_lelang`) VALUES
(1, 1, '2015-02-01', 200000, 1, 1, 1),
(2, 2, '2023-03-09', 200000, 2, 1, 1),
(3, 2, '2023-06-02', 350000, 1, 1, 1),
(4, 2, '2023-10-12', 380000, 2, 1, 1);

--
-- Triggers `tb_lelang`
--
DELIMITER $$
CREATE TRIGGER `insert` AFTER INSERT ON `tb_lelang` FOR EACH ROW INSERT INTO history_lelang
(id_lelang, id_user, penawaran_harga)
VALUES (NEW.id_lelang, NEW.id_user, NEW.harga_akhir)
$$
DELIMITER ;
DELIMITER $$
CREATE TRIGGER `upadate` AFTER UPDATE ON `tb_lelang` FOR EACH ROW UPDATE tb_barang
SET tb_barang.status_barang = NEW.status_lelang
WHERE tb_barang.id_barang = NEW.id_barang
$$
DELIMITER ;

-- --------------------------------------------------------

--
-- Table structure for table `tb_masyarakat`
--

CREATE TABLE `tb_masyarakat` (
  `id_user` int(11) NOT NULL,
  `nama_lengkap` varchar(25) NOT NULL,
  `username` varchar(25) NOT NULL,
  `password` varchar(25) NOT NULL,
  `telp` varchar(25) NOT NULL,
  `updated_at` timestamp NOT NULL DEFAULT current_timestamp() ON UPDATE current_timestamp()
) ENGINE=InnoDB DEFAULT CHARSET=utf8mb4 COLLATE=utf8mb4_general_ci;

--
-- Dumping data for table `tb_masyarakat`
--

INSERT INTO `tb_masyarakat` (`id_user`, `nama_lengkap`, `username`, `password`, `telp`, `updated_at`) VALUES
(1, 'akbar', 'akb', '123akb', '090809', '2023-02-13 05:09:55'),
(2, 'yanse', 'ysss', '1231yan', '09709709', '2023-02-13 05:09:55');

--
-- Indexes for dumped tables
--

--
-- Indexes for table `history_lelang`
--
ALTER TABLE `history_lelang`
  ADD PRIMARY KEY (`id_history`),
  ADD KEY `id_lelang` (`id_lelang`),
  ADD KEY `id_user` (`id_user`);

--
-- Indexes for table `tb_barang`
--
ALTER TABLE `tb_barang`
  ADD PRIMARY KEY (`id_barang`);

--
-- Indexes for table `tb_lelang`
--
ALTER TABLE `tb_lelang`
  ADD PRIMARY KEY (`id_lelang`),
  ADD KEY `id_barang` (`id_barang`),
  ADD KEY `id_user` (`id_user`),
  ADD KEY `id_petugas` (`id_petugas`);

--
-- Indexes for table `tb_masyarakat`
--
ALTER TABLE `tb_masyarakat`
  ADD PRIMARY KEY (`id_user`);

--
-- AUTO_INCREMENT for dumped tables
--

--
-- AUTO_INCREMENT for table `history_lelang`
--
ALTER TABLE `history_lelang`
  MODIFY `id_history` int(11) NOT NULL AUTO_INCREMENT, AUTO_INCREMENT=5;

--
-- AUTO_INCREMENT for table `tb_barang`
--
ALTER TABLE `tb_barang`
  MODIFY `id_barang` int(11) NOT NULL AUTO_INCREMENT, AUTO_INCREMENT=3;

--
-- AUTO_INCREMENT for table `tb_lelang`
--
ALTER TABLE `tb_lelang`
  MODIFY `id_lelang` int(11) NOT NULL AUTO_INCREMENT, AUTO_INCREMENT=5;

--
-- AUTO_INCREMENT for table `tb_masyarakat`
--
ALTER TABLE `tb_masyarakat`
  MODIFY `id_user` int(11) NOT NULL AUTO_INCREMENT, AUTO_INCREMENT=3;

--
-- Constraints for dumped tables
--

--
-- Constraints for table `history_lelang`
--
ALTER TABLE `history_lelang`
  ADD CONSTRAINT `history_lelang_ibfk_1` FOREIGN KEY (`id_lelang`) REFERENCES `tb_lelang` (`id_lelang`) ON DELETE CASCADE ON UPDATE CASCADE,
  ADD CONSTRAINT `history_lelang_ibfk_2` FOREIGN KEY (`id_user`) REFERENCES `tb_masyarakat` (`id_user`) ON DELETE CASCADE ON UPDATE CASCADE;

--
-- Constraints for table `tb_lelang`
--
ALTER TABLE `tb_lelang`
  ADD CONSTRAINT `tb_lelang_ibfk_1` FOREIGN KEY (`id_user`) REFERENCES `tb_masyarakat` (`id_user`) ON DELETE CASCADE ON UPDATE CASCADE,
  ADD CONSTRAINT `tb_lelang_ibfk_2` FOREIGN KEY (`id_barang`) REFERENCES `tb_barang` (`id_barang`) ON DELETE CASCADE ON UPDATE CASCADE;
COMMIT;

/*!40101 SET CHARACTER_SET_CLIENT=@OLD_CHARACTER_SET_CLIENT */;
/*!40101 SET CHARACTER_SET_RESULTS=@OLD_CHARACTER_SET_RESULTS */;
/*!40101 SET COLLATION_CONNECTION=@OLD_COLLATION_CONNECTION */;
